0.0062596446295128646,0.00070523948280366,0.00024316587093792423,0.01252448127492392,0.0030333623497639027,0.02694857384074559,0.006987203621687986,0.0021071827029080065,0.0014926225194026113,0.009871547137173595,0.00542517616705224,0.0020857199812917204,0.0008992342845796446,0.022155769707076153,0.003953061871137315,0.006037262511360491,0.0037885277161271757,0.007870137854210413,0.006657244667168093,0.005815404118818291,0.006079315884331715,0.00583619155086167,0.007412647972856216,0.02071319054681314,0.001888870796887504,0.01467800130954141,0.0008700784016745531,0.016740732783080838,0.019422230649712324,0.01926372299635663,0.032099382109498524,0.002623344337335043,0.0036669839445832493,0.01554046750477143,0.005488648246380682,0.012023420015465075,3469794222822909e-20,0.006733535779702862,0.0030089924293692795,0.01884007895213149,0.000703727609568367,0.002413151110632941,0.012996770623201339,0.0013751151019131727,0.01751896056790242,0.01945257551539889,0.015991312308828397,0.040483273322465756,0.01658784357677911,0.00012707323506714184,0.008295721107429403,0.002661906334190481,0.005970587537361116,0.008209080399078196,0.026305782711494224,0.03274502768277016,0.008455794022164882,0.010094296787429681,0.01320619333835641,0.0025300105776981984,0.006803334558123987,0.03535675479186854,0.0016468730332911334,0.011879992224515133,0.009919897942636272,0.0015473219051147155,0.022831728178830057,0.008941235991512888,0.0005790918202605236,0.012333909969912696,0.00716145361944342,0.00019950043382335536,0.004815514630225677,0.006654190478548838,0.011010164117027725,0.004344392038503664,0.05019146840712429,0.005301707137100961,0.003074073068522935,0.021455146987244177,0.00911668868988697,0.0016311314165602113,0.008808109712920592,0.0028853547426548986,0.012509355845631754,0.0011115053338612117,6209910217190684e-20,0.02290493435036902,0.0027155091747472684,0.008035921142107728,0.020047320441947056,0.006252212559590132,0.017694437522690155,0.02517293659780612,0.00676184264457016,0.00034927164721436154,0.004655144748291094,0.0011230978262594894,0.011043410829456935,0.01712266440563829
0.015081504531461289,0.02364866546500277,0.04214781011271406,0.0003568751995957266,0.007085720288536158,0.010466481800839424,0.015222526516111586,0.01792565273394296,0.012750263196050651,0.013285517617125599,0.01025012487018503,0.006942905984964039,0.0008593975037384747,0.015125025075953872,0.018359671667793127,0.0067061665387856285,0.009682527433758881,0.002350890240741954,0.01492149081599831,0.006722294885590785,0.0383572026242794,0.00941503612658316,0.0032191691888797157,0.004333049510937892,0.01886649681987676,0.022367524439450507,0.0037821525979851883,0.00042383088987764383,0.0020689143256469164,0.0022749662423063033,0.0011990872708999617,0.00883577876394278,0.0025926343332053807,0.007970222944167518,0.003139833400376379,0.008655638365468916,0.0014600315760804022,0.0060956270371557856,0.00044556435227092886,0.0022313598807710425,0.0446846220106196,0.013113055562623224,0.013772975078476496,0.011953890325664199,0.0008450487035066605,0.0012034591490826055,0.007833151387182737,0.005738667896817711,0.00634614260637373,0.0008362228093572624,0.020382729338629203,0.006390915024051533,0.00920324002291466,0.0032207048246714323,0.02133747818133554,0.003977075832223724,0.007162769164758468,0.0011055775127756036,0.0006322277970459248,0.0037402628857433097,0.009184878165526085,0.011976245164131533,0.00783169858935335,0.014321212969848498,0.03489330082741163,0.015897148308186938,0.006594380565783062,0.009319841904096708,0.01258697468912573,0.0038566759161723003,0.005463895248304678,0.0008346520627484746,0.005304778236793572,0.012912170077841064,0.024267874148893226,0.0022408277561549437,0.003402488754182044,0.011182793404468238,0.016145470693778103,0.03513618907344018,0.026236422687187837,0.018023668446833462,0.002473510820172133,0.01709222263692666,0.005236991406098019,0.006718267922557432,0.013112369682315135,0.008290271838245515,0.006279665134164352,0.000571113687789521,0.00843838670964561,0.0045100943739612735,0.006389551403892887,0.01189888731646574,0.008237588708056747,0.003465056384429283,0.008649774548645787,0.009494014792336325,0.0021731478781394508,0.008249647782989734
0.004532961678096033,0.00040310398293648327,0.003692266750992567,0.004785447094822823,0.023362965173689857,0.0005205731967571443,0.007385272692877182,0.001907854548261789,0.0004975829979745534,0.0018882505752927641,0.027775778031184348,0.004495107849898788,0.0008858480612213432,0.005452127907529013,0.0178484210842178,0.002482380657859703,0.0017982640042994511,0.008953644640219572,0.009587042408252448,0.012218952907337738,0.0020495416041748367,0.006492389261595488,0.0071944805104967,0.0005032581911715609,0.02460318669190549,0.009437314865925387,0.018014750680480248,0.006318299889906969,0.01259116130566809,0.01386638009421866,0.0030200367395022566,0.014915971900549916,0.011688948344570836,0.006521159641507581,0.003090204844818901,0.0030966466500345685,0.02440832177908961,0.0012030125343009937,0.017779259585809896,0.02633973283949389,0.014014908425863525,0.011428364705418406,0.02798393840154271,0.00503489411365865,0.006476160083310206,0.012369148065065219,0.015459637791033176,0.004963150877122069,0.0014936061419805742,0.018373363032538968,0.007127083044125463,0.023063833611154258,0.007119769505165803,0.01238776113912674,0.016214077872678406,0.003067174224396099,0.0194200151964328,0.02402574335254506,0.008018542727314754,0.022392986616908833,0.009199858627068038,0.0011281915549550693,0.002676340314871821,0.002852831497201695,0.003261455837336376,0.00047663122140128753,0.024473714783385277,0.0034344795816369754,0.03018070648449714,0.030060103916701587,0.0023989685803970985,0.0009573916383665564,0.020764485475618977,0.009880854126690852,0.03198686380466635,0.005991658186472632,0.005059346289769447,0.003614677218906081,0.002631486295443589,0.009423032803041685,0.01150740602037824,0.008721536673271846,0.0010843697333239955,0.0002778795527658406,0.00034092599038713434,0.030642939870849092,0.0025652195123386035,0.0251832126819322,0.009577972576252902,0.0008422286624889262,0.0031064702035100505,0.007580658749707408,0.0047935571351877,0.022263758745864237,0.013979393992832443,0.008455103437699884,0.013894487420618112,0.007880821803315292,0.012340011671241397,0.00046690420128107436
0.002222992301516837,0.020667856968390838,0.002772934678535185,0.002921324452385303,0.008650474653108269,0.01474146444489399,0.004628714311211633,0.006180582534437642,0.024906615007729057,0.009629870606739976,0.03586573570665488,0.012605394198189294,0.005801441828917445,0.0022205756373991307,0.0429976618030289,0.002644207003225572,0.004926394843888652,0.018708260140261633,0.010967771426774029,0.0002891332067084448,0.005235402575159965,0.028516470729610322,0.0005431987134997972,0.031781527198985325,0.001374999041539669,0.0016625420082942003,0.0036104441521377867,0.0026164921630490168,0.011966292177930089,0.0006803428496491738,0.029997731865364866,0.003019405071438415,0.002541092612069,0.00017197881476895235,0.000437410892385936,0.013961941513919258,0.01787904114150631,0.0006193066425869981,0.013687309853223598,0.012232615349543454,0.017194072837403793,0.012740292296180917,0.010835303948035346,0.020799825773164745,0.013568759566058573,0.00039610926236508567,0.014475066353069655,0.014212449697369334,0.00311976383042906,0.024137031927574402,0.010964032010578472,0.004322285480647772,0.005517360279168456,0.004017627018581345,0.0009021872649487835,0.0025748201080015723,0.013084168224118578,0.014988536015834242,0.013565834168371184,0.006740869256192917,0.005676969400851027,0.011463628833510726,0.00309062342099626,0.0012036486118059322,0.0019291944578581554,0.0021849305887397677,0.03221248882843796,0.0047045695833259045,0.006976365173923414,0.006080797878876526,0.0031706805133112264,0.009597816153791862,0.008579650842863084,0.0008477268750196342,0.009778590033324075,0.009850441855269688,0.013450786667549787,0.001752331390681692,0.016910707019412496,0.00880786393929007,0.009514115432167264,0.00040442111612306144,0.0017623660785104534,0.005672565434978643,0.012909195257852628,0.0003702577494916869,0.0006372492092655499,0.001110595279282643,0.0018574346614771242,0.004771734744643845,0.029572398308403126,0.010072700152792862,0.021202586612546113,0.0013437321078279367,0.020178133084123123,0.029366638552516536,0.02321280195024715,0.002501966931266671,0.011932442182563589,0.02829550664632771
0.017527286028812348,0.023184516722851007,0.004239145632091894,0.007699129227154886,0.001609933422797002,0.0020666211520630534,0.03159532842874988,0.0007569191237879738,0.025291104937620348,0.004723548823451105,0.011741093985956963,0.004392266572711915,5341621999917101e-20,0.007804579298187773,0.02872012556241563,0.0017214156970053068,0.01677854108039197,0.001748783500691119,0.0009317430737731445,0.004679866790573214,0.03435617031495222,0.025851780614908483,0.004273798152238454,0.0045378000107280485,0.013505907120238912,0.0067631459935163715,0.017337414035173592,0.005260694567651005,0.014428788210136654,0.015140581001783653,0.018476902753836524,0.007241973714398658,0.01104467565420375,0.006504719803806292,6770233400167809e-20,0.010313029614564567,0.025278739210523104,0.007888968523586283,0.03061015527586485,0.003100380574778866,0.014240456581261883,0.009893115591528499,0.0007570358178450243,0.0038804425362184837,0.0014226813460944893,0.0077161722099217765,0.02894886744538168,0.009915077799338303,0.051761796736827376,0.01029937602079814,0.0038088032505343332,0.006073518751793349,0.009774174361691236,0.005464812149589727,0.005289922864673938,0.022865540350499796,0.0022454456199833286,0.011637071845318727,0.007119995734750209,0.015803071235471255,0.00538456897146811,0.005677087884221753,0.009620667284746056,0.0064935813759489066,0.0113404353220256,0.0016819909471374821,0.005588631060436865,0.012572484666032266,0.002677955435979201,0.002582556112864986,0.003507512350735666,0.003228111745324216,0.008331254044082146,0.0026852980422903605,0.012214045669023071,0.002006777750916707,0.0025974546797873765,0.010983468510159244,0.0033530513516342488,0.005571296760673525,0.008135342529360396,0.00951003313486498,0.011995986006040875,0.012261872440876226,0.010093820158992543,0.001781666811969333,0.012823315523120535,0.022661887927905643,0.016084153803671355,0.00017758438654873082,0.0017361398512632069,0.013537440121874697,0.003715105161476489,0.0010008658573644321,0.006568421474176016,0.04278962389630221,0.001402213778426697,0.006399259174389451,0.007131831132042193,0.003929135852346875
0.008063943387450642,0.002397568224896742,0.019534041376087018,0.025993042030542694,0.0090883745957566,0.02291241468670434,0.005717736403242778,0.02524357246147623,0.010197830032161482,0.001622590583718097,0.004582598997638988,0.01865956605658086,0.007156707080910428,0.011733953993368266,0.0011718645150970077,0.0013070636945642674,0.011855972894802414,0.010556301027807288,0.0004500396268556808,0.00147676819449526,0.00462079260038172,0.00798728698936748,0.02055497901157822,0.0071631466649113885,0.0046442820296441105,0.010286306879894356,0.013605569631518427,0.018984082247026,0.0027807485182181325,0.014671300829698778,0.024769489467237792,0.002242011623258722,0.011104271613302647,0.004303637044339654,0.0012854442135948768,0.016589854582861996,0.010190734747421838,0.0004886970669070237,0.01565022836047227,0.01145117509431223,0.023762218517776566,0.02670769682783012,0.010493854967586456,0.010754141556440692,0.0019897987212246803,0.04999515877041504,0.0041304947560068285,0.019930847909370313,0.0015915113186955416,0.0038206837417992393,0.0049485098690782905,0.008389575967256115,0.011701185987547115,0.01262460277193603,0.00677104341688169,0.01269517910350462,0.0016273598667420888,0.005117922212337615,0.006502348526994935,0.021971650523034663,0.00816061136979246,0.001953550939269341,0.011357313663196098,0.005737919114794982,0.00875308851981549,0.0003851408989450827,0.003496709579327457,0.0043513049927585475,0.004712486277386223,0.03127562178022789,0.011334921645747498,0.00579325314249077,0.00177587273460523,0.01448381681321517,0.02900291166823123,0.0026138735944223166,0.02770701797892038,0.0026910520708615473,0.02892053149137023,0.007596352203628815,0.0014941991867304693,0.0011148038285909373,0.0008596585043447147,0.008983366018203131,0.01370518099671153,0.006958072436960246,0.022903688238662265,0.010997066652380759,0.003544610541317922,0.019556104522193304,0.009818742971451732,0.0014487127568571872,0.0023202983054288633,0.0004679968403597306,0.004549820363172467,0.006820094604843058,0.000932926907955035,0.0046745836788508015,0.0019493495903522506,0.01617559816306339
0.0006253310844591716,0.008158319398108052,0.0316571044490917,0.00828512599780103,0.011616426232821553,0.0002921952955240485,0.010532065650098359,0.021368449188767877,0.008106288332656987,0.0033255157654141425,0.0016562398835409664,7814578309461825e-20,0.01418493615043354,0.0008016563761316383,0.0029395683151480015,0.047151574121903427,0.007860603263740582,0.008008816839705774,0.008023184947024307,0.009854129469698911,0.017804113734734846,0.0014332187391650287,0.004433398231737367,0.0177100599621589,0.0027315145406007334,0.005702735191640033,0.0003835689442800048,0.0017228162071670423,0.004915682649080077,0.037033749537258,0.017549526385096756,0.004260595168180169,0.047962226317566234,0.009826044640366762,0.00993141539944459,0.00524238705790535,0.004628752418512114,0.0030073766680830203,0.013711501511646707,0.0023238240869062985,0.011867703341681978,0.01630702604549926,0.003894630623124507,0.006266088778828206,0.006636939659411815,0.011073253508343598,0.01718193973172253,0.005915956977597042,0.01584341841998499,0.005921896827966676,0.001697307031639975,0.00494486123011208,0.006659137869842992,0.014205307369391483,0.004646317294074158,0.0013119341698900333,0.01036537342928068,0.00625374555169302,0.009224962538861408,0.026119997275830954,0.032927945225234345,0.009684734014785897,0.013986595557998938,0.01174748919907211,0.012912361689160686,0.00322063838486182,0.006334497471335473,0.006482325505705084,0.004753710592100436,0.0026626132385393366,0.001926372930694799,0.012264563501876163,0.024360129861253767,0.04156400404887422,0.0021606234719643807,0.01222177445170185,0.009087684487125032,0.0023755018646562424,0.00440411692816266,0.013406990744072273,0.01520665381392799,0.01131080081905541,0.0022902253290335837,0.0029427193726591348,0.012901898468949475,0.008755858576064085,0.0019304075872548382,0.0080191737908182,0.013563946044585622,0.005409596817833111,0.011188984078106602,0.003630265165610525,0.0005046479690768767,0.0013853640851649322,0.005795774443372238,0.009373366327650413,0.025687825070952987,0.0049799346741598045,0.012612627299233558,0.010847275485843081
0.005909000528481377,0.005962148194765339,0.025634825403452712,0.015794537124086523,0.010562262011220732,0.01651319846742637,0.010544913753043878,0.009097252330758535,0.006275890834232565,0.012726200497635568,0.00570906082756305,0.01583788832388056,0.0016340819647295251,0.0038335595474767226,0.007460431423881422,0.001704465396139949,0.0019424042469733125,0.0017534873162377124,0.0010967887462863114,0.011698957215217212,0.023203225765807394,0.00019231089899499063,0.004173066583649039,0.004972230159958419,0.007816261865492292,0.01348893737380798,0.0005024506401418418,0.01053386751472783,0.005832720766596923,0.008341439901153444,0.02686710029199785,0.016353942420948144,8113035503394738e-20,0.006465088807357775,0.015780568159499093,0.029646943706445873,0.0058423077750471486,0.01895955910906723,0.01802110158207563,0.0005970031263234133,0.007459977890585097,0.0014407172501963263,9990296041195367e-20,0.007144920027308821,0.009212555206441642,0.023454188781828176,0.016102469116057474,0.0017588924288771935,0.0024320990383235297,0.020284636652715834,0.02319115421795009,0.00035123163571675254,0.00862985124556851,0.004677868922219919,0.005083215692959954,0.004483814480219428,0.005388099030557431,0.006946744791684641,0.025347084869503926,0.00019421562377909646,0.008281968615924505,0.0048140342105991996,0.0559186464939973,0.016102301452529274,0.0036156159930503325,0.001666346037318417,0.0025066876305408453,0.01062475331201131,0.0013549758255521792,0.02582928964206988,0.006640856765483649,0.008683268869747613,0.0032175384616779513,0.006751792627797518,0.014912474542446591,0.006449455199549833,0.006077019368092048,0.0027285117978434734,0.003418849250986895,0.02243180585555177,0.03759521721360099,0.0015144364556927141,0.004984691693360081,0.01489437214615994,0.021922158457685546,0.009377628021476757,0.019050300736009787,0.008201818501823815,0.013314178588444393,0.0006095238021829444,0.0021660619932821856,0.005266273895269339,0.021329587702882177,0.0016241777870636934,0.023882627785921012,0.00876884617744,0.0033264355698165637,0.011373844130749912,0.007925906676383324,0.007799469891463068
0.01361380133782521,0.005159488103833901,0.0011948489722213348,0.01214859864872923,0.005663931819226496,0.013352428851920081,0.022779531914787415,0.0077822972873145355,0.007664671631588887,0.0072938760062181696,0.005755753805567727,0.006138506379327535,0.004362656398473144,0.005927100707962573,0.01030168924450334,0.005053053082602135,0.0009188934298578924,0.005515117482349333,0.004964045636034164,0.015335322929421948,0.0009431123845567016,0.013907264430212556,0.008292802966899741,0.014379090880412898,0.0010666624023788417,0.004035043818732095,0.00046093418133537903,0.0025776926887867316,0.002364961682566009,0.04403527376289721,0.019012638884837278,0.013205496634673153,0.03551491584989255,0.018032974866264224,0.004210414566582566,0.0046980855622806815,0.0018822626392766403,0.011610956764559583,0.009837270965087944,0.01105520509032391,0.003561629093226675,0.004000718950257073,0.0034149385122673208,0.007401453617432053,0.005087926889593498,0.01927844666466119,0.0034245158056521556,0.006148991596939021,0.011175802960506047,0.005296290866987056,0.005764398393285604,0.025374721369572993,0.009825475549398681,0.012976725461870035,0.0016462101089023341,0.014311663429911057,0.007004574507448701,0.0028459200934013804,0.006186421281060658,0.0051630711810320045,0.019438122865961794,0.0035834565985102063,0.02304672866349268,0.013734449555806055,0.007216579717304327,0.007691650926190396,0.011767839397143414,0.006794919467217929,0.03673473876282395,0.004805808304222199,0.01058440535187452,0.01657763648566297,0.024108177165516533,0.006713690417691547,0.005810164997717506,0.00226659318658267,0.005791529709391581,0.02795034033944135,0.0026154401382645844,0.00928603882309285,0.004311939188421809,0.0030365290776128164,0.01688945571937035,0.035387614369520884,0.00841712671723144,0.02400377293413544,0.004618412145901351,0.007799863781578539,0.002837310400746054,0.014082613723176221,0.011204417792860523,0.007566719103100868,0.005567735295341613,0.0059882578947497,0.0022659951269171637,0.003318890753860428,0.007301907670615049,0.019552917155545985,0.007091925815796465,0.02029971343388089
0.006815899469114984,0.0014140888850415444,0.004984073416819115,0.017658467082177245,0.0028719323848630613,0.0006265503550764349,0.01283099238706845,0.01485273342794079,0.022552111247277566,0.0014307200798558003,0.02133278207203893,0.014055150833633663,0.0016836582097614515,0.009219107405490036,0.005842847824188914,0.008139359250443443,0.002753997901165621,0.005677915001193575,0.008002891803904445,0.008623910498528243,0.011915207281304336,0.00504749964875725,0.0007431384282961194,0.005185873053491001,0.003068904517828902,0.0064588871173302,0.03669060398948356,0.008972052894122791,0.001531079947247557,0.0012209393935547364,0.00990638313295465,0.013288177438128566,0.00994496442541981,0.0011607064690290082,0.0011455286734838907,0.0028263699931270134,0.0041963263806493725,0.004154394495513535,0.018033683849156112,0.010019463324205115,0.007542067386945574,0.013478352369583842,0.011024386283201258,0.022124992652193174,0.01763080858812325,0.01015009285852909,0.0019133591254127797,0.0002012372059891801,0.012163913748843019,0.006718615640429142,0.018526512547189546,0.004561795348199927,0.007545811005460612,0.0001032646275863334,0.022272980877823565,0.015276391758594184,0.03903844238257742,0.013122705521736833,0.028369338761832476,0.005580297022900255,0.003798923948007249,0.014129054727569113,0.004473134865751959,0.011970239031124388,0.03239575635881353,0.00651894865155055,0.0068289427891390165,0.010484217183515122,0.0027145864760413727,0.0206607250369272,0.0008758104697659378,0.017937969368367813,0.01391818407325731,0.0013222747631770012,0.0010709028448472248,0.003794079913546942,0.0693549334427244,0.0016886199222706708,0.014731950411670372,0.007228211896319671,0.0042464800481119246,0.013318485467515438,0.0010288749769692084,0.0021058334860955966,0.003611500550602308,0.0016447976504685904,0.016155252924761998,0.018622197379199287,0.002418625679883635,0.007094859250155461,0.003629531906481706,0.005329395713851333,0.004771140083455179,0.00030949215570078524,0.012537540067615607,0.01995103779551678,0.0070545574973563145,0.029051125406478556,0.011334066874016644,0.0056629992095586995
0.007973070878219746,0.006775448486595872,0.000982163557039004,0.00585544251920737,0.002718779381717237,0.015289791991006956,0.0009236184740358652,0.000516796601887581,0.01405635870444939,0.010769734843255059,0.013878588231910934,0.016967935551826543,0.003857179247290151,0.0011261164947061401,0.015604349356036705,0.0012762415314670147,0.0089562133772482,0.007957314968339844,0.011863482198160358,0.030215698148617184,0.0011157848567304263,0.012697603613497093,0.004054187549973371,0.013256203270238277,0.012026289921140763,0.010756274881514576,0.004840907287731061,0.004515410912654345,0.026086485780185693,0.017532052654721728,0.015836704390190318,0.00014036518401639944,0.001562342828808773,0.013192231860719383,0.0010934317311254952,0.0025883766427161107,0.0022282469978895042,0.007559848954528297,0.055345612907445565,0.0009630044203085614,0.04546462716764854,0.04410598220281318,0.0006763766122498408,0.0034643446241762574,0.008610681526463257,0.008205915761897789,0.0026366852324990033,0.0003733800109262333,0.023233619288350743,0.020106634766985668,0.0021491127629393097,0.005541190971539436,0.014025084430119296,0.023302349176561137,0.009339379269394205,0.0059369792603724625,0.006829295322998071,0.0019511990272740728,0.00030997965196864795,0.0005265940606069607,0.039299423455275366,0.0040531780619386774,0.007125275533448701,0.0015285801452851488,0.006336311820627074,0.004506054615498303,0.008551395722707501,0.0013407420744466557,0.022322316424783138,0.016478760262025067,0.003394953040017846,0.025085746744362696,0.008407522491108507,0.006872041306217053,0.02790143316991345,0.0042476096445894715,0.018152848952821234,0.003979451334336359,0.015251468665100082,0.007611065698541795,0.009488624766884377,0.01320469805916502,0.004911996841280579,0.027406239195457673,0.01045280810632803,0.00516363883677927,0.0038617170521935656,0.005782750994923018,0.0023706551066341014,0.0004625798545357377,0.0023485711246589644,0.003446564263303125,0.0027020825758057735,0.007200286000740764,0.003635712608275465,0.019238768193767127,0.003006024167005861,0.014061597148276062,0.014958394336489838,0.00210500928751464
0.018424169382043533,0.003637310606749267,0.00761837142792262,0.01477861591984629,0.003486726816662097,0.012803937635529023,0.0045117412311456015,0.018645766557334378,0.007016807999784817,0.0059048179755539255,0.009945656101458642,0.019545564188596345,0.001768844193186195,0.002537526805172009,0.02641800735551608,0.018375628935191787,0.014859788814173791,0.0013889826862870315,0.0056124317060384085,0.002199921223356013,0.013395906690376875,0.01926281312461208,0.00434469366146767,0.007518692036005852,0.003648447432435762,0.0062786727920594275,0.008697680867139141,0.014749479154871695,0.004904683544351653,0.018116856937934394,0.027355366660757278,0.006234919992230364,0.006368749555471698,0.011461506320990068,0.009060253479687612,0.012294880627188082,0.009408324942071748,0.020336578245995374,0.01197916926183221,0.006273070811602123,0.019172575774517666,0.005797264560202709,0.008988742249662264,0.005748700029034035,0.0006281153809048923,0.017838900347378218,0.0007194615368751209,0.019516797149817973,0.020346111818531267,0.008944909716666649,0.012910505953299243,0.01777516718080625,0.015687383940645186,0.0037728382900982928,0.0011228961493292959,0.004016977748563139,0.003232897213832002,0.002377426518348552,0.006895799536146184,0.001345388587787622,0.010311221368716842,0.027154838650433024,0.008837921369575143,0.002862201758813691,0.031233007018851462,0.015443339856177987,0.007923452009941172,0.014622707376748713,0.009576023404421471,0.009314060180405193,0.005695431003732657,0.021424582033228428,0.012917052284694534,0.0036451052528384503,0.006659672966415406,0.0037633320283442283,0.0008798732775966932,0.010621183305187576,0.012140656202634818,0.011345843067219072,0.005988241452392052,0.020323842579922435,0.0040222250484854465,0.009731166903144494,7262220104476425e-20,0.006795130072685737,0.014501541324237682,0.01235997465624396,0.0012020839355953287,0.0006370190660711501,0.009733124010058483,0.003776106591671989,0.0021361830532488674,0.01577737605371051,0.00376024768970962,0.04493728891931955,0.0018635013749651425,0.0002833522762491881,0.015802598350626935,0.0019146466415644553
0.007534851702379044,0.02474072654084702,0.02067552951858626,0.028564692561096117,0.0037970691988084113,0.002969656967289589,0.020613212623300427,0.023756716812653844,0.0023452607141605233,0.0029074539960430405,0.019560656029491395,0.01989096033117578,0.009312940255521719,0.0027615369246387768,0.015122202879914368,0.034207649224345216,0.005582688093609243,0.001424299870530236,0.012061325419790962,0.019847614298485437,0.005764999046035269,0.004346589267023186,0.001404592269947451,0.008263617117490477,0.0010756649491759573,0.0049117594397861475,0.004921320225316153,0.004390004581168634,0.0026982454795933205,0.0031817265844183884,0.008670462287997829,0.02009236755147988,0.017295049106900513,0.018731826515312338,0.006493393647208371,0.00400397641364336,0.0025453066008673,0.028053211161977558,0.0008338362635721637,0.005959095879806756,0.017978665572878968,0.0003883509826477587,0.005022683164791726,0.0014458714548043758,0.007386856838855789,0.029291031658567317,0.005531397212128354,0.008953849272180235,0.010032921217336125,0.0011560021525393379,0.011935412470434309,0.002820388645066736,0.009552299575123326,0.0005533878448613208,0.01050668203852451,0.0028643680839353794,0.0042672585139577396,0.002069730733133915,0.001188411056951717,0.008750391361652142,0.000612243084593489,0.01741683316270022,0.00674458059450304,0.0016901558698696687,0.05565882611285734,0.025988926610286817,0.009449916303367499,0.011025116942296064,0.031089168743540525,0.0068115622927696125,0.004734324374770969,0.005435162150240219,0.004667211541281783,0.0019127376993515978,0.005504254430359033,0.029670755071914398,0.018616257486823815,0.004922821782042263,0.0026370425983395763,0.0016717217920387615,0.003576043424245566,0.0005868372525620431,0.005708333974231828,0.002544678515643968,0.009661686135024924,0.012396857599803081,0.005444076717650191,0.0007094496188685901,0.0037353026149551673,0.002047035145844007,0.0006100010837207368,0.007279443930767718,0.0011846421481341745,0.01589839888630254,0.03246797202421846,0.012862084211502502,8620058071378566e-21,0.007243547046738578,0.04598352443387291,0.01078179833213554
0.005601784787356452,0.015021579091403895,0.014802243682503059,0.008461057767265849,0.05246617976174634,0.004262918329870962,0.0005347767634258096,0.005098560686943199,0.013532300504231605,0.012588375565278954,0.0017301614310857151,0.01193490975693232,0.00013548734676797975,0.012467690045978086,0.003420149219216694,0.03226678867057014,0.013966931808833256,0.00663513195452972,0.012174767754478151,0.011721177069122844,0.006731407526592731,0.0031354011944126872,0.0042258701951489045,0.018673849281128037,0.0032546579316759645,0.020683705146699597,0.017987381295659032,0.006986233574192263,0.006598918749944641,0.011510665820203781,0.004728251404268564,0.012517976629978065,0.00032121323059135996,0.004607249332970981,0.0034144595516491343,0.00425685931417453,0.005214703041198114,0.014591563396764195,0.006423699068935807,0.0021394852278269014,0.00859900777952089,0.014204259533311166,0.006466472862445997,0.010823225514401985,0.0034294020181973254,0.012494584949147822,0.0017898586095607134,0.011439490699173948,0.0028530339648847073,0.0044292873601282775,0.022738539184436354,0.006284107652185492,0.0036373813440550126,0.016516548831177612,0.03743517043486987,0.0019298873872436258,0.005637978759723872,0.004237004504804715,0.012610232764710126,0.011310154603597397,0.0005293959949743511,0.0001534438336392831,0.028434817852844,0.0008464192949967899,0.020804981913289406,0.016655094988048753,0.012947732999415432,0.012787239537238405,0.006272345018788596,0.004210826675287027,0.0045830902942511085,0.003083892044376228,0.003282431791719385,0.0009172674603592123,0.04344415194498494,0.020582634602907945,0.00033651801367660976,0.0011954288740408574,0.00965112820619124,0.0025630105867741715,0.00813747313067763,0.03479952800548355,2043306049005051e-20,0.008274138791785568,0.007338034086124701,0.009410666890297176,0.00619795258198818,0.021474688426606825,0.036409369939113465,0.0013206746263247512,0.0013538231337227667,0.006353232516488009,0.018816492250496187,0.0022037790567896644,0.003929490266106097,0.004510053910186567,0.0033372656410327476,0.011619528445191485,0.012005571748662331,0.013513799895496096
0.0019013757270659032,0.01888056125701302,0.0060577265583402805,0.030297492203389526,0.027756368443151755,0.006276098152402029,0.01811400680438592,0.009332956330251658,8774271751429985e-20,0.02266105091364491,0.0016922219457425117,0.00937703013981578,0.007837620125767625,0.02957745987483978,0.012813292282740184,0.011164401518552346,0.006826559432036418,0.011101788406267604,0.0005688773896255295,0.008355358780832245,0.004501929985223829,0.002630062883088117,0.008655511102701682,23753563527507337e-21,0.007310709589350577,0.011683617901536564,0.019037461720880947,0.004509590612365123,8665047014705598e-21,0.03906327229853664,0.005969912048824197,0.00019417019104698037,0.0005299554459145747,0.0011754713324693441,0.004857423539617642,0.006678756429792621,0.008546312087595353,0.002751185519909037,0.02365176577468439,0.001833126550849715,0.016394992790234,0.005623941128247086,0.01988488999504839,0.005069467105398767,0.021447778558548937,0.02575089307303557,0.0006983087973908412,0.008395828726829464,0.019235123414731825,0.010789813880604734,0.009191316803416427,0.0007846041464489577,0.0051686014770843305,18488122400339464e-21,0.004710276479101751,0.003605666583600072,0.043755297616825464,0.03525603446926215,0.010536629675772182,0.008346997530893428,0.0031906495311180725,0.0022640147690086896,0.011708771857676494,0.011041428959263837,0.00861742780590681,0.009164916238004549,0.014547461015653183,0.0011021228377164462,0.0013630152375274016,0.0017772047854043697,0.001776690180419629,0.015169267907611719,0.01258904347468954,0.0012476746053886323,0.042044277388543154,0.003610022325276653,0.008917503695745793,0.012570358877427114,0.016328756012762728,0.00604301744084348,8128344706632896e-20,0.0004438733160382477,0.0013391283639181547,0.029194433886711203,0.01877687345809198,0.010469308976431167,0.005137920702479712,0.006434561933040836,0.00810424073245272,0.009698212150897188,0.005457626828352481,0.01565879639718863,8331783941748049e-20,0.01823246983499575,0.012258233407916617,0.000597858503359213,0.0024637084161890873,0.008005726189313372,0.002151429771688021,0.01137977789527992
0.005164453333614926,0.004718622514188214,0.003664583743590949,0.013518451337122213,0.019119307319379972,0.004530822455155926,0.020582180681703314,0.0024694413841526777,0.01597025195082512,0.012306850456277081,0.02221045912781216,0.00432321038352612,0.00938723121031332,0.027461196393977646,0.002859316479342484,0.0031858429731535264,0.01492820932711849,0.015882298166558707,0.01000215265258361,0.028666452000824787,0.0024315171909574823,0.004765843629912725,0.008881083810005241,0.001475686535581484,0.0057542376861720165,0.007593483786764683,0.026601869143200053,0.018681751360197642,0.008558083010718868,0.006023868408954374,0.004949455073312911,0.010889732958249878,0.015006607997341761,0.018799292789447305,0.0003679993681162574,0.009820870975980616,0.0005977637719007638,0.006664122192955492,0.008162361716541236,0.013308695285457943,0.0024462547521049488,0.007543341309320467,0.0007486154051651437,0.010775740676385129,0.009867343713792302,0.0271883907805696,0.0073803187093047645,0.010021711897430865,0.0025732890190454717,0.023412032326334372,0.004949085836242723,0.0007072823176792865,0.011899285963590994,0.012574077614387082,0.0272276125655443,0.004245969401257216,0.021803839865898456,0.012388461354688718,0.012443263620802296,0.010915236572167551,0.008800785055301692,0.019829014549910703,0.004265902886955841,0.0021586136791775087,0.0012969368894589636,0.01301344683959365,0.02979838131967517,0.010444074830356097,0.006381819867929721,0.008123138551975946,0.018108445351256365,0.002573223210790189,0.0008882411482066584,0.012857296374150257,0.008006427950180004,0.007471451418983663,0.0006404552801822443,0.009978255882737092,0.0005868886269374856,0.011822380985637423,0.024149382459198763,0.002566389086253123,0.025326499887115477,0.0029944482864481085,0.0046655141833224995,0.0058594840903991,0.0008505845306350325,0.008560309837089388,0.007513036761732459,0.03448667845244762,0.003272796843282836,0.009750662556631807,0.001979371851827005,0.014675815654463065,0.017895357386908162,0.011617750636097136,0.000507996630110433,0.004408948211373391,0.00035961707990038693,0.00011736059066598891
0.00045231707917375055,0.01328883441081987,0.017574440501887795,0.010523643683306142,0.017238217364089977,0.0002572930778295367,0.002890995258308572,0.0016845802820866216,0.019057571061191846,0.010137976716695375,0.027664876965621005,0.014067843321960496,0.006610341186915147,0.0028619950327804845,0.0005347866024317935,0.004695956643332902,0.0007200401530958609,0.0051935866918680846,0.004424272118296557,0.0011195438443073649,0.004892645580389732,0.012491716849313205,0.0035484426632803683,0.0025704713372034864,0.006142951925366792,0.011581089062283653,0.017262113188069916,0.03248146870976319,0.009967195347142294,0.008896850922026888,0.005911114909542087,0.0014641014717565156,0.0016262837309058932,0.006033284994222915,0.0009730493624251604,0.0005632837526430959,0.007523338496166059,0.03281168809176917,1978312391027542e-20,0.015289460187701854,0.004341499743551593,0.0026597426161252906,0.03351652418535581,0.013403118158278646,0.02469727425455594,0.0003200986200734455,0.003233908407710423,0.0050874852689447095,0.0005066118005435775,0.005221529829126971,0.00974246447758586,0.0031336635604152494,0.010904642521810115,0.005765216296782891,0.010699184329057391,0.01068961758913146,0.008840058499112681,0.042012826421320856,0.00014715226037672843,0.0363763716095845,0.00016425292591938867,0.00887852383655668,0.023986139254254756,0.011074366343989846,0.0005413913129168273,0.007011964617097448,0.027817811285138556,0.0022311951432687394,0.010657912862231464,0.007064242808223316,0.013218978598012831,0.022727584709193657,0.004524949893033802,0.002796000216835029,0.004389311128332082,0.005039656065592278,0.0027710444768630827,0.0003029065175313507,0.007047984781597946,23089194548299574e-21,0.017290589817154835,0.01765098985980295,0.005652659430014005,0.009861196974137754,0.00566031184446411,0.024486589242760398,0.003353695624699734,0.022005648971041108,0.03414832181603782,0.015021519775966755,0.00948681354397436,0.012425169111041422,0.001217276313525572,0.009854597013664099,0.032880395863023895,0.028268410825129018,0.00035929646024373586,0.0036909773764103987,0.009998882801820715,6891521262421023e-20
0.007853781188063281,0.0006067236937654996,0.0027942078642854474,0.005648353770807608,0.011924394037157789,0.026863860254604795,0.005336095444858204,0.011663069713429477,0.012418546372968365,0.015179432983638734,5202827463729255e-20,0.0003119668934237251,0.0018621126190808699,0.019550827275159152,0.0020107614618458075,0.0024090907526633336,0.0015060325381536569,0.02691657565383119,0.036664619516212874,0.0054484842261010675,0.0006816070465644401,0.0063304254839626995,0.019660311524110116,0.002733972876074513,0.03018483003095893,0.01345056691631324,0.019994116840861782,0.00789387813321375,0.008746402839227138,0.003828132778136387,0.014965016490658645,0.007419015340063591,0.016594571223757473,0.0034212160864027764,0.010138463933519323,0.012937223602270332,0.006915258254837345,0.0046893872093073975,0.0034103483127331754,0.03054403720343016,0.0013079561304124886,0.011027284767091444,0.004176858598780638,0.0012944223936442536,0.009585332813773903,0.005211875161021892,0.018624271118642524,0.0058763430948934325,0.015343797865169819,0.010645417397036174,0.015396138599795672,0.023381698606304735,0.008874432246666607,0.012757297196188105,0.0027555796624402352,0.024301329603667734,0.006212080520047353,0.009123955303083778,0.003041295472198791,0.011451671066774251,0.00854661071295047,0.0030883556504208497,0.039708236283905005,0.002962092448838077,0.01101696094078176,0.004966697300445701,0.0055052344252608555,0.0244826942689498,0.004861969146513435,0.009451679738768698,0.014851169371591729,0.0026572552966683694,0.017402913094022927,0.006743347639015629,0.009833268484755164,0.0075790903311548745,0.017097174987928655,0.013797037137857423,0.004141775956449801,0.0022550889479989985,0.010722055577470604,0.0018752445798353127,0.009017509893822976,0.011966762721731793,0.004385884500605815,3397220894070267e-20,0.01456300563736547,0.0011227490399863787,0.0015464220118737437,0.002525925929492425,0.020649842460942296,0.014007177478803395,0.0038897089474980405,0.01307729655517476,0.005083981415532072,0.0029908585494995655,0.0020217477725604756,0.01000445871109208,0.030305563924621033,0.007312395640147891
0.0009167956991353142,0.02634650062703434,0.01972724358672356,0.0038638082095728095,0.004329129827655996,0.009620171321501647,0.007775305392002039,0.001943470973869614,0.019199531850160035,0.016905513987718314,0.02697733141195698,0.0011176423574644687,0.02131478456138135,0.005654109701394739,0.0026257269375042384,0.005898560610765204,0.01189610578424224,0.003504635795084825,0.009030315145649094,0.023441789262867944,0.009945560373060446,0.009115842620888883,0.003314747631705827,0.0004941776826029236,0.041879433156695345,0.0016126468357770282,0.0009039797450170765,0.00879981449145801,0.012803900313902822,0.00521798900980208,0.005825600356124713,0.022842012526473356,0.012785041331057968,0.005041112807230318,0.003990413561903229,0.0015928173045866717,0.004723968203497339,0.019761576240404356,0.0042475877315299665,0.009721930133599415,0.010115680232953523,0.01611313546799537,0.01309795193570952,0.0026118840252641736,0.008675948053947006,0.008307379549737171,0.010171377580897749,0.017923871720111683,0.001159116643973574,0.0245016039242838,0.004491149504018286,0.0027919292370209192,0.016942757686014148,0.013430252067486288,0.0016516132232128906,0.007713453390444172,0.0008048136729641448,0.003949820240088851,0.009375981587282834,0.0040385763343561264,0.001920114402773678,0.00592823349235167,0.00471360194813537,0.013943274986644905,0.009745607068431137,0.0050123695906613775,0.0033662262181430765,0.0035042956605476597,0.01018008571646632,0.019898749061658064,0.00997833807317162,0.008327214815384561,0.029187264758764986,0.0034158545856731873,0.006708206667809445,0.01078751520352809,0.007966448821113503,0.020990668135006028,0.011461056542923278,0.042975905594617704,0.0008930966649094988,0.007816803734872601,0.03007191464755634,0.007300530682039982,0.009491033830030448,0.002166406359857546,0.008618490381321604,0.019357359851042817,0.0009388947133807936,0.0061325575939540486,0.00016714196027220368,0.007052007542709617,0.0026746938747542726,31160464466621305e-21,0.019080451360644485,0.016658812943696165,0.003470731802229421,0.02754111565390572,0.004023181000449539,0.011925662415335775
0.0029290333502094133,0.001295829071231883,0.001482042444858022,0.008300724377495808,0.005631773280507222,0.01174880403643809,0.025458802810721298,0.0022136685728847403,0.010576834550668178,0.02134524809081992,0.03567555972555928,0.005968608054294455,0.00247274376499784,0.020839470474777275,0.0015052788076675007,0.03033460327591866,0.007313333686696609,0.004047974524668775,0.009109328705366104,0.004005221995305215,0.0051124064672499955,0.0028474079886871367,0.009492439337480599,0.005448073549955013,0.0024632082607753516,0.01219804560887992,0.02319654011418232,0.03926770434052171,0.007829875322418906,0.0028320316126429893,0.0022967003008832736,0.0074276802853391645,0.0032347579926356165,0.009208453542746837,0.016286430599406435,0.00022748686515853533,0.003083470239568885,0.00016804285734258655,0.00045722618930292113,0.013126721164681117,0.007064981406665266,0.0014566263630086246,0.007004926137944206,0.013172269780068285,0.0033378565992674258,0.0030966519563049707,0.03853853116715655,0.0038498030596031867,0.007578718712163483,0.005522706531155513,0.02738871241020077,0.00858909266031441,0.0031805468579273275,0.010872850628434546,0.003042619084134999,0.016525477740414664,0.025607298092370355,0.02033802674612272,0.012790154214804153,0.016878642478522155,0.006844598086734347,0.0021267812520409726,0.009867040020780362,0.0023660606113103484,0.0026428841699953063,0.007623430091096696,0.005817381373675613,0.00376955971149615,0.0023107564915220667,0.01347675936751358,0.008974928498352531,0.007223733527526842,0.07779092764880474,0.015537612653292164,0.014791540079833942,0.013196530496124481,0.020006802700938096,0.024053417073079165,0.005741227212800224,0.01606197229981311,0.0008935457521770072,0.014766217735516089,0.00036853737291432035,0.015286690352183076,0.0007402246598142234,0.004510352177491126,0.014388882635136054,0.015212216675331286,0.0013468998797743611,0.010868033056245122,0.013715147538194198,0.0011119622767444344,0.0009361555630231945,0.0009687787663168523,0.005702975176751737,0.002718916318017626,0.0009560770103176423,0.006718949203912354,0.002170454436209692,0.012098961179669696
